,estimators,depth,score
RF,400,50,0.42396795379788743
GBM,50,5,0.35583790891452727
XGBOOST,50,10,0.3820066333881238
