,p1,p2,test_mse,train_mse
0,0.01,0.1,0.009111614604787972,0.008866293808828012
1,0.01,1.0,1.0085273271856825,1.0000441412605134
2,0.1,0.1,0.011708138420484973,0.011490144015718285
3,0.1,1.0,1.0085273271856825,1.0000441412605134
4,1.0,0.1,0.03187575627940863,0.031580077597489216
5,1.0,1.0,1.0085273271856825,1.0000441412605134
6,10.0,0.1,0.08485264632639912,0.0836129241513635
7,10.0,1.0,1.0085273271856825,1.0000441412605134
