,Test,Train
R squared,0.9987414699229308,0.9989475183437481
