,Test,Train
Area ratio,0.5471738767646767,0.5790592801153026
Accuracy,0.8208333333333333,0.8227083333333334
