,Test,Train
Area ratio,0.45746552137940155,0.44998934847306976
Accuracy,0.8101666666666667,0.8105833333333333
