,train mse,test mse,train R^2,test R^2
Model Results,0.06204846063012332,0.06922242287407002,0.9379515393698765,0.9328569605532057
