,train mse,test mse,train R^2,test R^2
Model Results,0.0017767419801909422,0.0022747390956657813,0.998223258019809,0.9977935921556905
