,train mse,test mse,train R^2,test R^2
Model Results,0.009323325783231426,0.012643063648874978,0.9906766742167685,0.9877367233613151
