,Test,Train
R squared,0.9988899715732906,0.998982277961288
