,Test,Train
Area ratio,0.5487068557178214,0.6115090646209164
Accuracy,0.8193333333333334,0.8263333333333334
