,train mse,test mse,train R^2,test R^2
Model Results,0.9241937606706137,0.979924447528034,0.07580623932938224,0.07015825014632104
