,train mse,test mse,train R^2,test R^2
Model Results,0.9189032166605812,0.9849162609667189,0.08109678333941472,0.06542156197155524
