,train mse,test mse,train R^2,test R^2
Model Results,0.9184242913822913,0.9838586632528654,0.08157570861770458,0.06642510720544703
