,train mse,test mse,train R^2,test R^2
Model Results,0.5747612922752342,0.6331240900545945,0.425238707724764,0.375144428185506
