,train mse,test mse,train R^2,test R^2
Model Results,0.4122134357568576,0.4293153876833164,0.5877865642431394,0.5702215664701799
