,train mse,test mse,train R^2,test R^2
Model Results,0.42759931486320013,0.4299040145646788,0.5724006851367972,0.5801665508000606
