,polynomials,train_mse,test_mse
0,1,0.6370106556376325,0.6375440769339038
1,2,0.6107740754371846,0.6115013459982683
2,3,0.5908191388548496,0.592364727690154
3,4,0.5797606604378273,0.5817279228042802
4,5,0.5508013365722345,0.5536425353445211
5,6,0.542504279251008,0.5461442780405694
6,7,0.5053103951477473,0.5099026138429387
7,8,0.48237006635590707,0.4878635931261418
8,9,0.47186506411549567,0.478425864546582
9,10,0.4443197758008183,0.45085886273326325
10,11,0.426186389486655,0.4343511620069929
