,polynomials,train_mse,test_mse
0,1,0.6538660093412636,0.6543388379217987
1,2,0.6325032359773142,0.6335989783351933
2,3,0.6038881870013739,0.6055370077256897
3,4,0.5882491448525728,0.5906294909062201
4,5,0.554921503006202,0.5572151356685344
5,6,0.5428273162475972,0.5468138196718485
6,7,0.503118095723593,0.5076680974353873
7,8,0.4843725159224036,0.48905905851952525
8,9,0.47431254538177364,0.4804310475785516
