,train mse,test mse,train R^2,test R^2
Model Results,0.47648379035824445,0.48202734462154173,0.5235162096417598,0.5389869591565009
