,train mse,test mse,train R^2,test R^2
Model Results,0.4245070748245534,0.45196730890954623,0.5754929251754448,0.5540626629059034
