,train mse,test mse,train R^2,test R^2
Model Results,0.4548588879620058,0.4488176695615023,0.5451411120379942,0.5442286205980955
