,train mse,test mse,train R^2,test R^2
Model Results,0.46585632491729373,0.46495871900575364,0.534143675082705,0.5046158057883814
